-- =========================================================================
-- SYSTEM: Football Ticket Booking System Database Setup Template
-- DESCRIPTION: Pseudo-DDL Template for Table Creation & Data Insertion
-- INSTRUCTIONS: Replace 'TYPE' and the constraint placeholders with your own
--               actual data types, relational keys, and check criteria.
-- =========================================================================

-- DROP TABLES IF THEY ALREADY EXIST TO PREVENT CONFLICTS
DROP TABLE IF EXISTS Bookings;
DROP TABLE IF EXISTS Matches;
DROP TABLE IF EXISTS Users;

-- =========================================================================
-- 1. CREATE USERS TABLE
-- =========================================================================
CREATE TABLE Users (
    user_id TYPE,
    full_name TYPE,
    email TYPE,
    role TYPE,
    phone_number TYPE,
    
    -- Write your constraint to make 'user_id' the Primary Key
    -- Write your constraint to ensure 'email' values are never duplicated
    -- Write your check constraint to restrict 'role' to specific allowed strings
);

-- =========================================================================
-- 2. CREATE MATCHES TABLE
-- =========================================================================
CREATE TABLE Matches (
    match_id TYPE,
    fixture TYPE,
    tournament_category TYPE,
    base_ticket_price TYPE,
    match_status TYPE,
    
    -- Write your constraint to make 'match_id' the Primary Key
    -- Write your check constraint to prevent negative ticket prices
    -- Write your check constraint to restrict 'match_status' values
);

-- =========================================================================
-- 3. CREATE BOOKINGS TABLE
-- =========================================================================
CREATE TABLE Bookings (
    booking_id TYPE,
    user_id TYPE,
    match_id TYPE,
    seat_number TYPE,
    payment_status TYPE,
    total_cost TYPE,
    
    -- Write your constraint to make 'booking_id' the Primary Key
    -- Write your Foreign Key constraint linking 'user_id' to the Users table
    -- Write your Foreign Key constraint linking 'match_id' to the Matches table
    -- Write your check constraint to ensure 'total_cost' is non-negative
    -- Write your check constraint to restrict 'payment_status' values
);


-- =========================================================================
-- DATA SEEDING: INSERT SAMPLE DATA INTO USERS
-- =========================================================================
INSERT INTO Users (user_id, full_name, email, role, phone_number) VALUES
(1, 'Tanvir Rahman', 'tanvir@mail.com', 'Football Fan', '+8801711111111'),
(2, 'Asif Haque', 'asif@mail.com', 'Football Fan', '+8801722222222'),
(3, 'Sajjad Rahman', 'sajjad@mail.com', 'Ticket Manager', '+8801733333333'),
(4, 'Jannat Ara', 'jannat@mail.com', 'Football Fan', NULL);

-- =========================================================================
-- DATA SEEDING: INSERT SAMPLE DATA INTO MATCHES
-- =========================================================================
INSERT INTO Matches (match_id, fixture, tournament_category, base_ticket_price, match_status) VALUES
(101, 'Real Madrid vs Barcelona', 'Champions League', 150.00, 'Available'),
(102, 'Man City vs Liverpool', 'Premier League', 120.00, 'Selling Fast'),
(103, 'Bayern Munich vs PSG', 'Champions League', 130.00, 'Available'),
(104, 'AC Milan vs Inter Milan', 'Serie A', 90.00, 'Sold Out'),
(105, 'Juventus vs Roma', 'Serie A', 80.00, 'Available');

-- =========================================================================
-- DATA SEEDING: INSERT SAMPLE DATA INTO BOOKINGS
-- =========================================================================
INSERT INTO Bookings (booking_id, user_id, match_id, seat_number, payment_status, total_cost) VALUES
(501, 1, 101, 'A-12', 'Confirmed', 150.00),
(502, 1, 102, 'B-04', 'Confirmed', 120.00),
(503, 2, 101, 'A-13', 'Confirmed', 150.00),
(504, 2, 101, NULL, NULL, 150.00),
(505, 3, 102, 'C-20', 'Pending', 120.00);



-- Query 1:
SELECT match_id, fixture, base_ticket_price FROM matches WHERE match_status = 'Available' AND tournament_category = 'Champions League';

-- Query 2:
SELECT * FROM users WHERE full_name LIKE 'Tanvir%' OR  full_name LIKE '%Haque%';

-- Query 3:
SELECT booking_id, user_id, match_id, COALESCE(payment_status, 'Action Required') AS payment_status FROM bookings WHERE payment_status is NULL;

-- Query 4: 
SELECT booking_id, full_name, fixture, total_cost FROM bookings AS b JOIN users as u ON b.user_id = u.user_id JOIN matches AS m ON b.match_id = m.match_id;

-- Query 5:    
SELECT u.user_id, u.full_name, b.booking_id FROM users as u FULL JOIN bookings AS b ON u.user_id = b.user_id;

-- Query 6:
SELECT booking_id, match_id, total_cost FROM bookings WHERE total_cost > (SELECT AVG(total_cost) FROM bookings);

-- Query 7:
SELECT * FROM matches ORDER BY base_ticket_price DESC LIMIT 2;